id,bqaffp_confidence=90_maxdev=2.0_cutoff=5
CHEMBL1381098,11111011000111111111001111111101111111101111111101111111100111010111101111111001111011111110100011111100101111101011101110110101111111111111110101001111100111111011101111101001110110110111111101101001101011111111111111111111111110111111110111111111111111110010101101111111111011111000011111111011011111010100111101101010111111111111111011010110001100101111111111110101110011111111111110001010110010101010101010010111111100011101001111101110
CHEMBL542155,11111101101111011111101111111111011011110111111101110111011111001111111111110011101011111110110011111100101111010111101110111101111111111100110101111111011111110001011011110101110101010111111111010001101011011111111100111101111100111111111111111111001111011011101111111111111111111000001111111111011111010001111101011011111111111111111011010101001110101111111111110101110011111111110011000010110110100010101010011111011100011100111111001110
CHEMBL30008,11111001101100111111101111111101111111111111111101111101001111110111111010110011101111111110000011111100101111011110100111101011011111111111111110011111100111111111111111111111110100010111111111110011101111111111101111111110101110111011111110011111000111111001101101111011111001011010011111011011111111011100111001111111111101111111111011010111011010001111100100110101110111111110111011111110110010100110111100011011010100011100111111011100
CHEMBL475969,11111100101111011101111111011111011111111111111001011111011011111011100000110001111101111100110111111110111011011110101110000100111111111101110101111111111111111101011011101101110010110110111011110011101001111011011011011001111110111101110111100011110101111111011111101111101011111101001111000111011110000100111101010100101100111011111010010111011111110111010101110111110011101110111010011010110000101110111010011001111100011101011111000110
CHEMBL360671,11110000001111001101101111111001011111000001101101010111011111010000010010110000100000111000100111110110001010011010100011010111111100001100010100111111110111110011011111000011110100100101011111110001101011110011111101011100101110101111110100110111011111011111111110101110110011011110000110110111011000111101111000111100001111111111111010010111001010100101001100111101111110011110111010110010111100100110101010111101010100111000111011001000
CHEMBL1626,11111001101111111111001111111101001111110111101101110111111111011011110110110111111101111110000011010101101110011111101111111111111100111101111111011111101111111111111111111111111101110111111111110001000101111010111101011100101110101101110111111111011111011011101111111010110111010010010111110001011111111100111101001101111111111111111011010111101110100111100101110001101111111111111011100110110010101000101010011011011110111101111111001100
CHEMBL85,11011001101010000101110011111101111111101111110111011111110001000010000010000001001011011110100111110110001100001000101110100110011110001110001110111110110111111011011011101101110101110011011111100001001100110111101111011101101110011011111101100111101111011001111111111000100001111010100011100011011110100001111001011100001101010011111011011111011000001101001101110101101111011110010010101000110010100110101010111010010000010000111010001010
CHEMBL86,11111010001110111111101111110111011111101001111101111111011111110111110100100000101110111111110111111101101011011011101011111110001111001111111111110111011111111011011011101100111111110111011101100011100011110111111111011100101100101111010110001111010111111100111110001011111111111110010111110111111111111100111101101110111101111111111111011110111111111011011111110101110011111110111011000110010100101100101010011111011100001000111011011110
CHEMBL15245,10011011101111110101100111111101011111100111111111111111110111100010111011010011101001010111000111010100101011000110001110110101011111101100111111111111110111101011111111011011110101110111111111110111001100111111111101011100101110111111110100101111011101101101111100111000111111011010000111010011111111111100111001101111111101101111111111010111011110100111010100110001110011101110110010111011110000100110111010111101110110010100011111101010
CHEMBL7568,10111000101110111111000111110101111001100101111101110111000111010111010110110001111111111111100011111101101110001101101110110110011011111110110101111100110111110111011111000100111100110101111111100001101101110011111111111101111110100011110110110101011111111111101100111011110101110011101111110111011110101101011001111000011111011111111010010111001111111111101100110101110111111110111111010011010000101110111110011011111100001001011111011100
CHEMBL162682,10011000101111010111000010110101011111111111111101011111111111010110001000110111001010011110000111011100101011011011100111010100011010110110100110111110100111111001111111110011110100110010010111110001111001110101111101011101101110010001111100011111010111001011111111111110100111011010100111110111011110100101111001101111101101111111111011010111011100101101001100110101110111001110111010111011110000101110101010111101110000000100001011001110
CHEMBL19215,00111001101111010001100111101101001011110111001111111111110011100011111010110111101010011100000111111101101110011010101101100101101010011110111101001101100111100111111111000010111000110110010111110000100000111111101111000000101110001101111100111110000111101110111000100100111111111011011110010001001111111100111001101101101101111110111111010111011010001111100101110001110111111110110100111010111000101110111010011000011100001100000011010100
CHEMBL162826,10011011101011110111000010111101111111111111111111111110100111000010011010010011101110010110100110010110101011011000000101110100011110110110100100111111100111111001111111110011110100110011111111100001111001110111111111011011101110010001111100001110011111011011111111111010000001011010010111110011011110101101011001001101011101111111111011010111001110101101001100110101110101011110111010111011111000101110101010111100011100110100001011011110
CHEMBL2203713,01111011101011110101100111111101011110100111011101100011101111011111110110111000101111111110000011110100101110011111000111010010011010101111110101011111111111111111100110111110010100111111110111100011100010100111101001011101111110101100110110010100011111011111101111111001010100010000010111000111000110111000111001111000111101111111111011011111011111001011100101110001101011101111110111101111110100100110101100111011011100110100111110101100
CHEMBL182235,11110000101111011001100011111101011110100001101101010111011111100011110000110000100000011100110011111000001010001010100110010110111110001100011110001111100111100101010111110011110001110100101111010001001111001011001101011100111110111101100101111111001101011011101110111010100011011110000111110011011110111001111001111100101110111101111010010110010110110001001100111001101101011110011010000010011100100110101010111011010100111000011011001000
CHEMBL862,11111011101111111111000111111111111101111101111101111111111011011111111110111001111110111111110011110100101111111111100111111110101101111101111111011111011111111101111111001101111100110111111011110111111011111111111111110110101100101101110111101111011111111111111110111011111111011111011111010011111111011100111101101111110101111110111111011111111001111111111111110001110011111111110011001111110100101100111110011111011100001111111111101110
CHEMBL808,11101001101111001111101110011111011111110111111101110111110101010011111100111000111010111110010011111100101111011111101101111110111110111000110110110111111101111111111111100111111101100111111101000011100111111010101111000111101110101111110110110110011110011011101100111111100111111110001111101011011111111001101000101011111110011011111010010111011010011111111101110101110011011111111010101111110100100110111010011111011000001101011111011110
CHEMBL809,00111010001111010111101111111101001111101011111101111111110111010010110000011011111111111111110011111101101111010111101111110101011111111100110110001111110111111111111111011011111110110110111011110001001011111111101111111100101110010000111111111111111101111111101111111111011111111110010111110011111111101001111001111001011111111111111011010111111011011111110111110101110011111110111111001111110110101110111010111101110100011110111111001110
CHEMBL12948,11011011001111111111011111111101101111101111111111111111110101010111110000111101111011111111100111110101101111011111100111110111101011101111110110010111111111111011011111101101111111100111110101100111111100111011011111010110110110111111010101101110011111111111111111111011111111011010011111110011101111010100111101111011111101110011110111011110111100100111111101110101110011011111111010001110110010101100101110111110011100110000111111000010
CHEMBL415,11011001101111011111101111111101111111101111111001110011111101010111011110110001111111111110100011111100101111111010101111111000011111111111110111010110111111111011111111111110110111110111111101110000110001111011111111111101111110101010110100111011011111111011100110110111111011010010011111000101111110101100111101101101011101111110111010010111110101110111110101110101110011101100111011101111010000101110111110111011011100001001111111010110
CHEMBL477650,11111100101111011101100111110111011111111111101011100111011011110011110001100001111110011111010011111110001110011111101111001100011101101111010111100110110111011001011111111101110000110101111111010001111001111111111111011011101110111101100101100011010111111111111101101010110111011011100111000011010110101100111001011001101100111111111000010110011101110101010100110101110011011110111010011010110000101110111010111000011100010000011011000110
CHEMBL411,11111011100011111111001111111111111111101101011111001111111111110011110111101001111100111110110011110101101111101111101111111111111101111111111101101111111111111011111111111101111111110111111101011011011111110111111111111110011110111111111110111110011111111010101111111011111111111010011111110111111111011100111101101011111111111111111011011110101000101111010111110101111011111111111011001111110010101101101010011101011100011111101101011110
CHEMBL360117,11110001101111011001101011111101111110110001111101010111010111101000010000100000100100011101110011110100001111001110100010010101111000001100011110101111111111110001011110110011110011110101111111010001001011011011001001001110111110111101101111111011001111011111101110111010110111010010101110110011011100101001111001111100101110111111111011010110011111010001101100111001101101011110011010010010011000100110101010110111011100101000101011001000
CHEMBL1732,00010000101111010100110100010001011011000001101100010010100111000010110000111001101000010101000111010010001010001010000100110001011100001100110101001110000111101101111111000011110000100010001111100000101001100111111100000000101000000001111110000100011101001111010100110000101010011000100110010011100110101100101001001000001111011111111010011110001010101011101100110100111011001110100010110010010010100000111000110001011100000000000011000100
CHEMBL84931,01111000101111111101100111111101111101101110111011010111111111110011101110110011101000110110110011110100101111001111100000010111111111111101111111011111110111111111111111101010111100110111110101010011101001111111101111011001111110011101111110111111011111111011101111111111111010101010100111000011001110101100011101101110111101011011111011011111001101111111111100110101110011111110111011101111110000111100111110110011011100011011011111010110
CHEMBL194602,11110000101111010100100101110101011111110001111101010111010111110000010010110000110010111000110111110100001111011010100110110101011010001100010100011111111111110011011111100011110100100001111111110001001011011111101101011100101110111111110100011110011111011111111100101110110111011010000110110111011000111001011001101100101111011111111010010110011110101001001100111011111101011110111010010010111000100010101010111111011100111000111011001000
CHEMBL584606,11111001101111001111001101111001111111101101111101111111110111010000010010110011101111110111100111111100101011001110101011111110101011111011111101011111101111111101110111000011110010110011111011100000111001010111111101111100101100011001110111011111010101110011111100101001110001011010000111110011111100101001011000111101011101011101111010010111011110101101000101110001111111111011111011110110110000111010111110111110011100011100111110001110
CHEMBL496,11111011101010111111101111111111111111101011111111111111111111110111111110101001101111111110010011011101101111011011101111110111111111111110110101111111111111111011111111111111111111110111111101111011001111110111101111110110011110111011010111111110111111111011101111111001110111111110011111111111111111011100111101101011011101111111111011010101101001111111111111110101110011011111110011001110010110101100111010111111011100011100111101001110
CHEMBL195123,11110010101111011111101011111111111110111111111101010111011111110011110110110000111000111101110111111101101110001110100110110101101101111111011111101110110111111111111111110101110011110101110101010011101011111011111101011111111110111111110111111111001111011111111110111011110111111110001111110111011110011001111001111001001111111111111011011110011110101111001110111101110111111011111010001010110000100111101010111111011100111001111011001000
CHEMBL1201356,11111111101111010011001110111011011011111001111101011111111011111011110000110010101010111100000111010010001111001010000111101110111000111100111101011111110111101101111110101111111010110111110011110001101011101011011101001000001110011110110111100111011111011111011101111010110100011011001111000111111110100100111001101011101101111111111110011111001110101111101100110101110011111110110010111110110010100110111000011011011100001101011011011100
CHEMBL257991,10010001100011010110100000111011011011111001101001011110010101110111000010010000101100011101100111110000101010010111100110011000011100101000010001001101010111011101001111001011111000110111101101100011000010110011001101011000111100011000011010010100010110001110011110011110000010011011010110010111111110101101111001110100001110111111111111011011011110000101001101110001111111011110110010110110100110110010111110111001110100000000011010000110
CHEMBL181727,11110000101111011101100011111101111110110101111101010101011111110010110000100000110100011101100111111000001011001010100110010100111111001100010110111111110111010111010110100011110000110101111111110001101011111101001101011100111110101111110101111110001111011101111110111010100101011010000111110011011110111001111001111100101111011101111010010110001111110001001100111101101111011010011000000010111000100110101000111111011100111000011011101000
CHEMBL83658,01011001101111111101101111111101111111100110111011010111110111110011011110111011111100111110110011111100101111001011100100011010111111110100111111011111110111111111111111111010111111110111110001010011111001111111101111011001111110011101111111111111010111011011101111111011111010101010001111000011001110001100011001101110110101011111111011011111001100101111111100110101110011101100111011101111110000111110111100110011011100011011001111011110
CHEMBL1201353,10111101000111100101101111111111011011100111111101111111011111010111111111111011111010111110110011111100101111011111100101111110111111111111110110110111111111111111111011110101111100100111110101111011101111111110111001111110101100111111111111111011111111111011101111111111111111111011011111011011011110001101111101111011111111111111111010010101001100101111111111110101110011111110111111001111010010100110101110011011111010011000111111011100
CHEMBL26,11111001101111010111110111110111111111111111111101111111111111001111010111100111111101111111100011100101101011011110101111111111111111011111000100111111100111111001111010100011111111110111111111100101101000111111111101011111111110101111110111001111111111110110111110111011111111111011011111010011111111111100011001001110111111111101111111011110011011010011010101110001111011111110111110111110110110101110111010110001011100101101011111010110
CHEMBL1221,11101001001011001111101110111111011111110101111101110111110101010011111100111000111011111110110011111100101111011101101110101110111110011111110110000111110111111011110111110011111100100111111111110011100111111010111111100111111100111111110110111111011111011011101111111110110111111110000111101111011111111001111100111101111110011011111010111111011010111111111101110001110011011111111010101111010100100111101110011110011000101100111111011110
CHEMBL442,00010100101110000001100110010001011011001001111101010110111111010010010000111001100000111100000111010010101010001010000100000000011100001100110101001111010111111101111111000011110000110010001011100000101000100111011100000000101000010100111110110100011100001111010100010000100000001000100111010011100110101100101001010010001101011011111110011110011110001111100100110101110011111110110010110010110010110000101000111011010100000000001011000100
CHEMBL351200,10011011101111000101100010110101111111110111111101011110110111010110010010110011101010011110100111011110101010011010100101111100011110110100100110110111100111111001111111111011110100110011110111100001010001110111111111011101101110010101111101011110110111011011111111111110000001011010000111110011001111101101111001001101011111111011111010010111001110101101001100110101110101011110111010111011111000101110101010111100010100110100001011011110
CHEMBL71,10001001101111011111100111111101111101101011011101100011111111010011111100110001111101111110100011111101001111111011101111111000111111101111110111010111111111110011111111111110110111110111111101110000011001111011111111111110101110101100110110111011011111111011101111111111111111110000000111100111111110001000111001101000111100011111111000011111100101111111010101110101110011101110111011100111010000101110101110011011011100011001111111000100
CHEMBL165796,10111110101111000101100010111101011111100111111101011111111101010110011000110111001010011110000111010100101011011011100111111100011110110110100110011110100111111001011111110011110100110011110111110001111001110111111111011101101110011001111101011111010111011011111101111111000011011000000111111011011111111101111001001101001101111011101010010111011111111101101100110101110101011110111010111011111000101110101010111100011100111100001011011110
CHEMBL597,11111011101011111111101111111101111111110011111111111011111111011111111100110001101110010110100011110100101111111111101111111110111010101111111101011101101110111101111111100101111100110101111111110001111100011111011011111111101100011011110101110110011111110011100101111011110111111010010111100111011111101101011000001011011111100111111011011011101011011101101101110101110011111111111011011111110110100000111010111111011101011000111101010110
CHEMBL648,01111011001111111111101111111101111111111101111101111111101111011111111111111011111111111110101011111100101111111111101111111101111111111111111111011111111111111011111111101111110100110111110111111011101111111111111101111111111110110011110111111111010111111010101111111111111111111010011111111011111111111101111101000001111111111111111011010111001000001111110101110101110011111110111111101111110010101110101000011011011100011101111111010100
CHEMBL361442,11110011001111110111001111111111011110100111111111011111011111010111111010110000101010011100000011110100101111011110100110110101001101101110011101111111110111111111011111111001110111110001111101110001100001111001111101111101111110111111110101100111111111011111111110101110110111011010100110111111001110111101111001111001001111111111111011010111011110101111101100111101110111011111111010001011110000100000111010110011011100111100111111001000
CHEMBL716,01110010101111001110101111111111111111110111011101110111111111111011111101110010101010111110100011111011101011101111101101111000011011101101011101011111110111110001111111111110110110100101010011100010001001111011111101011101101100111110110110111111001111011011101100111101110011111000010111010011101110101101011001110111111101111111111001011111001011011111010101110110111111110110110110110110110010100010111110111111001100011100011111001110
CHEMBL715,01110011101111110110000111111111101110110100111101011111011111100110010101110011111111101110100011111001100111000111100111111100001010101101110110011111110111111111111111101011011111100001100111101000111011110011011111010101101110101111111111100111011111011011101100111111110111111011100111100011111111111101111101101001001111011111111001010111001111111111100101110101111111011110111011111111110010100110111010111101111100011000101011010110
CHEMBL833,01011001101111001111101111111101111111111111110101111111011101110011111110110011111111111111100011110110101011111111101111111110011111101111110100010110111111111111111111111111111101110111110101100011101111111111111110101110111110111011110111001111011111011011101111111111111111011111111111010111011110101100111101101111111100111011111011011101101100110111111101110101110011111110111011100011110010101110111010011111011110011110111111010110
CHEMBL1729,00111011101110111111101111111101011111111001111101011011111111110011111010100111001011110111100111110101101011001010100111010010101111001001110111011111010111111111010111101111110100100011111111100001111001110111111101011100111110001111110110001111010111111111111100101101110010010110000111000101111101111000011101101110101100011111111010010111011111111111001100110101111011001110110011100010110000100110101010011010011000000100111000011110
CHEMBL679,11111011101010011111110111111111111111110011111111111111111111110111111110110011101011011111100011111100101111011111101011111111011111111110110101111111110111111001111111111101111110110111111111111000001011110011111111111111111110101111110111111110111111111110101101111011111111111010011111011011111111011100111001101011111101011111111011010101001011011111111111111101110011111111111011011110010110100100101010011001011100001100111111011110
CHEMBL654,11111011001101111101101111101101111110000110101111010111111111110111111111111001111001110110100011111100101111010010100110111101011111111111110101011111011111111111110111111011111101110111110111110001110001101111101111111100101100101111111111011111111111111001101110111011110010111010010110011011101101111101111101111001101111011111111011011111011010101111110101110101111011111111111011101111110000101010101010011111011000011100111111011110
CHEMBL577912,11111011001111111111000111111111011111111111111001011111111011010001101110110011001010011111010011010100101111010111100110110100011101001110011111111110111111110111111111011011111101110011110101110111100101111100011101110100111110111011111111101110101111011111111101101110010111011010101111111111001110111101111101011101101111111111111011010111001110101111001111110101110011011111110011011110010000101000111010111111111100111101111111000110
CHEMBL605938,00111101101111010101101111111101111111111111111111101011011111110010011000100010101011110110000111010100001110010010100110011010111000101111000111001110110111011001111111011011010110110011011111100001111101100111101111011100101110101001110110110101011100111101011111101010100010111010000110011011111110001001111001011100001110010011111011010111011010110011001100110001111011011110111110110000110010110010101010111101010100010000010011001110
CHEMBL1201203,11111111001111100111101111111111101011110111111101111101111111111111110010111011101011111110110011110100101111011111101111111101111111111111110110011111111111111111111011011111111111111101110111111011111101111111111110111100101110111101110111111111111111011011101110111111111110111010011111111011011111111100111001111011111101111111111011010111100110101111110101110101110011111111111110101111110010100110101100010011011110111101011111010100
CHEMBL193666,11110010101101011111001011111101111110000011111101010110011111110011010100110000111101111101100111111101001111001110100110110101101101111100001111100111010111111111111111110001110011110101010101010011111001111111111101011111101100111111110101111111001111011101110110111010110110111000001111110111011110011101111001111001111111111111111011011110001110001011001100111101111111011111111010001000110000000111101010111111011110011000111011001000
CHEMBL83,11111001101111110111001111110101101111110001011101100101111111111010110110111101111111111110110011111101000111111111100111000101111111111111110111001101010111111011111111111101110001110111111101011001101110111111111111010101001110111001110110111010000111111011101111111111111111111010010111100011011110001100011001111011111111111111111010010111111100101111100101110101111011101110111011001111010000100100111100111101011100011000111111010100
CHEMBL566075,11111000001111011011100111111111011111101011111101011111011111111011101000110011101010111111110001110100101111011110100110110010011010001100011111101111111111101011101011101011111100110111110101110111000011111111101101111100101110111111010110101110101111011111111101111110110111011010001111111111011100111101111001011100101111111111111011010110001110001111101101110101111011011111111010001110010000100110101010111111111100111100111011000110
CHEMBL181184,11110001001111010101001111110101011111100100111101011111010111110000000010100000100010110100100011010100001111010010100110110101111101001100011110111101110111010001011111010011110111100001011111010001100001111111101101111100111111111111110011001101011111011110111110101110100111001000100110110111011010111001111001111100001111111111111010010111011110101101001100111101100011011110111010001010111010100110101010111101110100111000111011001000
CHEMBL181466,11110001101111011001100111111101011111110001111101010111011111110001010010100000101000010101110011110100001111011110100110010101111000001100010110001111111111110011011110110011110111110101011111110001001111111011101001101000101110111101101110011011001111011111101110111110110111000010100110110111011000101101111001110100001111111111111010010111011110001001101100111001111111001110111010010010011000100110101010111111010100111000101011000000
CHEMBL81485,11011010101101111101001111111101111111110110111111011111110111110011111110111011101100011110000011111100101111001011100101011011111111110110110111011111110111111111111011111010110110110111100011010011101001111111101111111000111110011101111111111110010111111111101111111011111010101011000111001011101111011100111001101111110101011111111011011111011110101111111100110101110011111100111111110111110000101110101100110011011100011111001111111110
CHEMBL593889,10110010100101011101101110111001111111100101111101011111011011100010010010110010111000010110000111111111001110010010100110000000111111101111000110111110110111011001010111111011010110110001111111100000111001100101101111011100101110101011100110110111011101011101111110111010000011111010100111011011111010101001111001111100001110010011111010011111011010110011001100110001111011011110111011100000110000111110111010111101010100010000101010000000
CHEMBL162501,10111110101110110101000010111101111111110111111111111111111111010110001000110111101010011010000110010100101011011011100111110100011110110110100110111110100111111001111111110011110100010011110111110001111001110111111111011101101110010001111100011111010111011011111111111011100111011010000111111111001111100101111001101111111101111111111011111111011110101001001100110101110101011110111010111011111000101110101010111101011100111100001011001110
CHEMBL544765,10111111001111111111101111111101011011110111111101011111110111111101111110111011101011111110100011011101101011011111101110100001111111111110111111001111010111111011010011110111110100110111110101000011111110111111101110011101111110111111111111111111001111111011101111111111111111111000000111111111011111010001111101110011111111111110111011010101011100101111001111110101110011111111011111001010110110100110111010111011011100011001111111011110
CHEMBL1255837,00110000101111010101100100110001011111000001101101010000000111000010010000111001101000011101000111010100101010001010000100110011011100101100110101001110010111111101111011000011110000100011001111100001101001000111101100000000101100000101111110001101011111001111010100011000100010111010100110011011100100101100101001001000101111010101111010010110001010100011000100110000101011011110100010110010010010100000111000010001011100001000000001000100
CHEMBL296419,10111011101111111101101111110101110111110111111011110011111111010011111010110110101000111001100011011000010011011111101110010101011100001101110100001111110111110101011111111110110110110111111101100000101100110111111101110011111110111101111110010111110111111101001111111100111011110010101110110011111011111101111001111110000110111111111011011101011110100011001101110001110011011110111010110010110000100111101010111010011100101111001111011110
CHEMBL10316,01111111001111111101001111111011111111110111111101011111011111010111101100111011101011111110010011111110101111011111101010111101111001111110110111001111111111111111111111011011111100110011010101111011101111100111111111111110101110101011101110111111111111111011001110111111111111111010001111110111011111010001111001101101011111111110111011010011011000001111100100110101111011111110111110001111110010100110101110111111011011011011001111001110
CHEMBL567993,11111011001111111111100111111111111110111111111001011111111111011011100110110011101010011111000011110100101111010111100110110100001100001111010111111101111111111011110111001011111100010001110101110101100101111111011101111101101111111111110111101110111111011101111101101110110111011010101111111111111110101101011101101101101111111111111011010111001100101101001101110101110011011111111010011110010000101010111010110111111100011101111111001110
CHEMBL493,00111000101111010011000010110001011111100001101101011101101111010010010000110001101000011100100111010000001011001010001110101010111100101100110100011110010111110101111011000010110000100111101001100001001000000111111100000100101100000000111100010100011101011111110100011001100110011010100111001010110110101100001001011110001101011001111010010111001110100101100100110001101011011110110000110110110000110110101000011100010100011100011111000100
CHEMBL723,00011001101111001111000111111101111111110111101111111111100111000111100000110000101110111111110011110000001110111111101111010101111110100100110111101111010111111101011010101001110100110001111101110011100011111111001101111110101111111101110110011100001111111101101101111011110010011011000111110011011100001100111101000001101101101110111010010111001110001001100100110101111111111110111111011011110000100100111110010001011100000100011000011110
CHEMBL822,10111011101101111111101111111101011111100111111001010111011111110110101110111001101111011110100010011100101011011111101110110001111111111110111111101111000111111001011011111010110110110111110101100000101011011111111101011111101110110111110110111110001111111011101111011111111011011100010111011111001110010000111101111111111101111110111010000011011100101111001110111101100011111111011111001010110100101110111110011011011100011000101111110110
CHEMBL1065,11111011101111010111100111111101011111111001111101111111111111101011110010110110111011111100000011010010001111111110001111101101111000111100111101001111110111111101111110100110111001111111110111100010111000101011111111111000101100111101110110100111010111011111111101111110110111011010011111110011111110110100111001110011011101111100111110010111001110001111100100110101110011011110110110111111111000101110111000011011011100001100000011110100
CHEMBL77921,11110111001111111111100111111101011001111101111101111111011111010111110111110011101011111110110011011100101110010010101101110110111110111101111111011111011111110011011011011011111100110101110111111001101111111111111011110110101110111101101110111110011111111011101110111101011110110010001111101111111110011101111001111001111111111111111010000101001100101111111111110101110011111111111111100111110100100110101110011111011100010101111111011110
CHEMBL726,11000101101111000111110110111001001101111111011101000111111111011011110000110010111011110010100011110101001010011010101111111000011110101101010111011111111111111001110110111110110010110111111011010000110001111011111111111110101110101100110111111111011101111011101100110111110010011000100111110111111110101100111001111100101100001111111001011101001011111011010100110101100111111110110010101010110000101010111110111111001100011100111111001110
CHEMBL334255,11111010101111100111001011111111111111101001111001111111111111110111110011111001101111111100100011111101101111111111101101110111111110111110111111100111010111110011010111111100111111100010011101110011011111111111111111111111111100111111010111011111111101011010101111111010111111111110011111011111011111011110111101101001111111111111111010011101011000001101011101110101110011011111011111011010110000001111111010111100011100011100111111011100
CHEMBL1221512,10011101100010001111101111110001011010110101001101000111111111010011010010110111100101111110100111010010101110011010101111010001111110110100110101000111000111110101001011010111110010110011101111110011101001110111101111011001101100101110110111010001011111011100011100110000111100111010000111100111001110011100111001101101000101111110111100010101001110001111000100111001110011111111110111010011110000100110111100010000011100000100001111100100
CHEMBL728,11011011101111011111100111111101111101111111001111100111111111010011111100110011111101111110100011111101101011111011101111111010011110101111110111011111111111110011011111111110110010110111110011100000111001111011111111011110111110100111110111111111011111111011101100111111110011111100000111100111111110101100011001111100111100011001111001011111001101111111010101110101111111111110111011100110010000101110111110111111001100011100111111001110
CHEMBL1411979,11011001001111001111101111111111111111111101111011111111001111010111111111111011111110011111100011111101100111011110100111110100011111101111110111010111001111111001110111111101111100110111110101010011011111111001101011111111101110011111111111011011101111111011101111111101010111111010001111111111011010001101101101101111111111111011111001011100011000101111010110110101110011101110111111001011010010101010101010011101011100011001111111010110
CHEMBL359510,11111001001111011101001111110111011111100111111001011111011111010000010010110000101010011101000011110100101110010110100110110101111101111100011101111101111111111011011111111011110101110001111111110101100001111011111101101101111110111111110111101111111111011110111110101110110111011011000110111111010110111101011001011001101111111111111011010111011100100111101100111101110011011111111010001011010000100011101010110111011100101000111111001000
CHEMBL1365675,11111011001111111111101111111111111111111111111001111111011111010111100001110011111111111110110011111101101111010111101110100110111111111110110101100111100111111101111111001111111111110011110101101001011111110111111110111101111110111111110111010110011111110010101111111111111011111010011111100011111110010100111001001101111101011111111010010111011101111111110111110101110011111111111111101111110010110110101110111011111100011000011011011110
CHEMBL537846,11110000101111011100100001110101011110110101111101000111010111110000100000100000110000111100110111111100001110001010100110110101011110001100010110011111111111110011011111100011110000110101111111010001101011011001101101011110111110111111110111111110001110011101111100101010110111011110000111110011011010111001111001111100101110011111111010010110011111110001001110111001101101111010011010000010111000100010101010110111011100111000111011001000
CHEMBL162232,10011100101111100101000010111101011111100101111111011111111101110110111000110111101011011011100111110100001011011000100110110100011110001100100110111110100111111001111111111011110100110011110011111001101001110111111101011100101110010001111100011101011101011011101100111111000111011010000111111011011111111101111001101111011101011011011011010111001101111101001100110001110101011110111010111001010000101110101010111101010000110110001011011110
CHEMBL163247,10011011101111010101100010110101011111110111011101010111111111010010011000110011111010010110100111010100001010011000100001010000011110110111100110111111100111111001111111111011110100110011110111110000101001110111111111011111101110111001111100011110101111011011111111111110001101011010000111110011011111101101111001001110001111111111111010010110001111111101001100110101110101011110111010111011110000101110101010111101010100111110011011001110
CHEMBL643,11011011101111100111100111111101001101110111011001110111111111110111110100110011111111111110010011111101101110111111101111111010111111101111111111010111011111110011111111111110110101110111110111110011011011111111111111111110101110101101110110111111011111111011101111111111111111111000001111011111111111011100111001101001111101111111111011011101101100101111010101110101111011111111111011100111011000100110101110011111011100011111111111011110
CHEMBL179878,11111001001111011111001111110111011111100111111101011111010111010100010110110000101000001101000011110100101111010110100110110100101101101111011101111101110111111111011111111001110101110001111101110101000101111011111101011101111110111111110111101111111111011111111110101110110111111011000110111111011110111101011001111001101111111111111011010111011110101111101100111101110111011111111010001011010000100101111010110111011100111000111111001000
CHEMBL193771,11110000101111000100100111111101011111110111111101010111011111010000010010100000100010111000110111110000001101011010100110110101011100001100010110111111110111110011011111000011110100110001011111110001101010111111111101111100111110111011110101001111011111011111101100101110100111011011000110110111011010011101111001101100001011011111111010010110000110100001001100111101111101011110111000010010111100100110101010111101011100011000111011001000
CHEMBL534,11011011101111111111000110111111101111100010111101111011010101110011111111110010111101010111100111111110101111001111100111110110001111001111110111111111110111101011110111111111110111110110010111110010101111110111111101110101111110011101110110110101011111111011110110011111101111111010011110110011011111111100111001101011111100011011111011010111011010001111110101110001111011111110111011111111110011100000101000110100011100001100011110011110
CHEMBL195346,11111100101111010101101111111001011111100111111101110111111111110010100010100001100011111010110110111000000101011010100110110100011100011100110110111111111111110101110111000010110100010011111111110001101000111111111101111110111110111001110111001111011111011111101101101110000111011001100111000111011010110101101001011110011010011111111010010100010010101001001100110001111111011110110100010110111100100110101010011101011100011100011011000010
CHEMBL565551,11111011001111110111000111111101111111111111111101011111011111011011100110110011101010011111000011110100101111011111100110110110001101101110011111111110111111111011111111011011111101110011110101110011110101111111011101111101111110111111111111100110101111011110111101101110110111011010101111111111101110111101111101001101101111111111111011010111001110101111001111110101110011011111111010011110010000100010111010110011111100111101111111001100
CHEMBL181217,11110000101111010100100101110101011111110001111101010111010111110000010010110000110010111000110111110100001111011010100110110101011010001100010100011111111111110011011111100011110100100001111111110001001011011111101101011100101110111111110100011110011111011111111100101110110111011010000110110111011000111001011001101100101111011111111010010110011110101001001100111011111101011110111010010010111000100010101010111111011100111000111011001000
CHEMBL584554,11111100101111110011001110110001111011110101101111111011111111010011001100110001101110111111000111010000100011001010100111001101111100101100111101011111110111101101111111100001110000110011110011100000101001101011011101101000101110000000111001101111011111011111110000011000110100010011111111110011111100101100101001001011001101101111111111011111011110101101100100110101110011111110111010111110110010100100111000111111010100000000001111001100
CHEMBL577904,11111011001111011111100111111011111111111111111101011111011111111011001110110011101010111111010011110100101111011111100110110100111010001100001111111111111111101001111111101011111101110111110111110111001111111111001101111101101110111111111110101110101110011110111101101111110111011010101111101111011100101101111001001101101111111111111011010110001111001111101111110101111011011111111010001100010000101110111010011111111100011100111011001100
CHEMBL162147,10011001101111010101100010111101011111110111111101011111111111110010010010100111101010010110100111011110101011011010100111110000011110101111100110111111000111111001111111110011110101110011111111110000000001110101111111011110101110011001111100011111101111011011111110111110000001011010010111110011011111101101111101001111101111111111111010010110001111111001001100110101100101011110111010111011110000101110101010111101010100011110011011011100
CHEMBL290106,01111011100011111111101111111111111111101111011111111011111111111110110110111001111111111100110011111101101111110101101110111111011111111110111101111111111111111011110111001101111111110111111101111011101110110111111101010110011110011111010111111111111111111010101111111001111111111111010111110111111111011100111101111011110101111111111010010101101000111111111111110101110011111111110011011011010110100100111010111111111100011111111101001110
CHEMBL221753,11111001101110111101100111011111111111110111111101010111100111110010111111110111101111011110100011111101101111011010101100010101111111111111011100001111110111101011010111111001110110111110110101111011100011111111111101111011111100111111110110101111011110011011101100110101110010011010000111101011011111011100111001111010111100111101111011010110011110101111001101110101111011111111111111001010110110110010111000111010111100011100111111111000
CHEMBL54,11111011101011111111101111111111011111111100101111111101111111111111111110110011111111110110100011010100001101011111101111111110111101111100110111111111101111111011111111111111111100110011111011100110111101101110011111011110111110111110111111101111011111111011101100101011110010111111011111011011011111111100111101001111111101101111111111011111001010001111101101110101111011111111110011111010110010100110111010111011111100001111101110011110
CHEMBL43064,11111001101100111111101111111101111111111111111101111101101111010111111110110011101111011110000011011100101111111110101111101001111111111111111110011111110111111011111111101111110100010111111111110011101111111111101101011100111110111011110110011111000111111001101111111011111001011010011111111011111111011100111101110111111101111111111011010111011010001111100101110101110011111110111011101110110010100110111100010011011100011100111111010100
CHEMBL138809,00011110101111101111101011111111001110100111111111111011110111110011111110110110101111110111100011111001101011011111101101111000111110101111111101011111111111111111111111111011111010110110111101111011001101111111111111011101110110111011111111011111111111011011100110110111110011111011111110011111011111011100111101111101011111111011111011011111101110101111110101110101110011111110111011100011010110100010101110111111111100011111000111011100
CHEMBL162436,00011010101110010111100010011101111111110111111111111111111111110011101000110111101010011110000111011100001010011111100110010100011110100110110110111110100111110101110111110011110100010111110111111011111001110111101101011101101110110001111100011111010111011011111111110011101011011010000111110101001111100001111101001111011101111111111010010111011110101001101100110001110111111110111010110011111000101010101010111100011100111100001011011100
CHEMBL178084,11110000101111001001101111111101011111100101111101010111010101110011010010110000100010011101110011111100001110011010100111010111111100001100011110001111111111110101011111110011110111100100011111110001001001110011111001001110111110011101100110011111001101011111101110111110110011010001000110110111011010111101101001111100001111111011111010010111011110101111101100111101111110011110111100011010111010100110101010111111010100111000101011001000
CHEMBL6437,01111011001101111100001111111101111111110110101111011111111111110011011100111011111001110110000011111100101111010011100101001000011111101111110111011111110111111111111111011010111111110101110011110001101001110111111111111100111110101111111111111111011111111001101111111011111110111010010110010011101111011100111101111001101101111111111011011111001010100111110101110101111011111111111011101111110000101110101110110111011100010101111111011110
CHEMBL153062,11111001001010100111001011111111111111111111111111111111111111110011110111100001101111010110100011111101001111101111101111111111111111111110111101110111111111110011111111111101111111110111111001110011011111111111111111111111111110111111110111101110111101011010101111111011111111111011011111101011111111011100111101001111111111011111111011011111011000001111111101110101110011110111111111001111110000101111101010011111011010001110111100011110
CHEMBL479,10011111101111011111110111111001101101111101011101100111111111110011111101100010111111111110100011111001001010011011101101111000011010101111110101011110110111101011110111111110110001110111110111110010111001111011111111011110101100000110111110011111011110011010101110011111110111111100100111000011111111111100111001111000111100111111111000011111011001010111000100110101101011111110111011110111110000101110111010111011011100110100111111001010
CHEMBL360081,11111011001111010011001011111111011110100101111101011111011111111000110110110000101010011101010011110100001110010110100010110100111101001110011101101111100111111011011111011001110101110001011101110101100001111011111101110101111110111111110101101111111111011110111100101110110111011011000110111011011110111101111001111001101111011111111011010111001100101101101101111101110111011110111010001011010000100101101010110111111100111000111111001000
CHEMBL182150,11111011001111010111001111111011011111100111111101011111011111011011011110110000111010011101000011010100101111010110100110110101111101101110000101111111111111111001011111111001110101110001111111110101000001111001111101011101101110111111110111101111111110011110111110101110110111011011100110111011011110111101111001111001101111111111111011010111011110100111101101111101100111011111111010001001010000100100101010010111110100011000111011001000
CHEMBL1262,11111001101110001111101111110111101111110111111101111111011101011111001110100000111010111110100011111101101111011111101111111010111110111101010110110111100111111001011010111110110101100111111011100001000011111011111111011100101110001011110111011110011111011011101111111100111011011110111111100011011111111001111101101001101100010011111011010110011010111111111101110001110011110110111011100011010010101101111010110111011000011100011011000110
CHEMBL21731,00111011101111111111000110111001111111100111111111111111111111111010111110110001111111111111000011011100101111011111100101111101011110101111111111011111110111110111111111111001110110110110111111011000010111101111101111111100111110011011110111111111011111111111100100111010111111111011111111001111111111011000111101011001111111111111111011011111011110001111111101110101110011011111111111001111110110100110111010110111111100111111111111011110
CHEMBL420,11111011101111011101001111111111111111111101111101111111111111011111111110111011111111111101110011110101101111011111101111110110111101111111111111011111111111111001111111111101111110110110111011101011011011111111111110110110111110111111110111110111111110111111101110111010110111011111011111100111110111011100111101011011110101111111111011011111001000101111011110110101110011111111110111001111110110101100101110011111011100011100111111001110
CHEMBL537669,10011011101111110101100111111101011111100111111111111111110111100010111011010011101001010111000111010100101011000110001110110101011111101100111111111111110111101011111111011011110101110111111111110111001100111111111101011100101110111111110100101111011101101101111100111000111111011010000111010011111111111100111001101111111101101111111111010111011110100111010100110001110011101110110010111011110000100110111010111101110110010100011111101010
CHEMBL633,10111011101111010111001011110111111111100100011100101101011111110010111100110000101101011011000111000101000011001100100001011101011010101100111111000111110111101001011011100100110111110101010101110111101011111111011111010001101100001110111110001111010101001010111110101110111000011010011111010011011111101101011001111110111111010111011001010110011111111001001101110101111011111111111010011011110100010110111110111110001000100000011111010110
CHEMBL362193,11111010001111110111001111110111011111110111111001011111011111010011010010110000101010011100000111110100001111010110100110110101101101111110010101111101110111111011011111111001110100110001111101110101100001111011111101110101111110111111110111101111111111011110111110101110010111011011100110111111001110111101011001011101101111011111111011010111011100101101101101111101110111011111111110001011010000100000111010110111011100111000111111001000
CHEMBL119443,11111111101111000011001111111011011011111001111101111111111011111011110000110010101010111100000111010010101111001110100111101110111000111100111101011111110111101101111111101111111010111011110011110000110011101111111101101100101110011110110111100111111111011111011101111010110110011011001111000111111110100100111001101011101101011111111110011111001110101111101100110101110011111110110010110110110010100110111000011111011100001100011111010100
CHEMBL193970,11110000101111010100101011111101011110110111111101010111010111100010100000100000110001111100110111111100001101001010100110110101011110001100011110111111110111110111011111100011110000110001111111110001101011111101000001011000101110111001110100101111001111011111101100101010100111011010001111110011011010011001111001011100001110011111111010010110010111110001001110111001101101011010011000000010111100100110101010111101011100011000111011001000
CHEMBL493091,11111001001111010111100111111001111101111101111001110111100111111110100100110001101111111111100011111100111110011101101111010111101010011101110101111111101111111101111110110110111100110101111111110111110010110111111101111111101110101111110111001011011111111111101111111110111111111110100111110011011110101100111101111101101100111111111011010111001011111111111110110101111011101110111011111011010010100111111010010001011000011101011111011110
CHEMBL425012,01111000101111011100100101110101011111111101101101000111110011010010000010110001100111111110110110111100000011011010101110010100011110011100110100011111011111110001111111100011110000010001111011110001101111011111101101111110111110011011110111111110011110011101100100111110110111011000000111110111011010100001011001011110111111011111111010010100011111110011001100110001101101111010110111010010111000100010101010111001011100111100101111000110
CHEMBL119385,01111111100111000101101111101111111111111001111101011111111111110111111010110011111011110011110111110110101110011010100110101110101110011110111101101111110111111101111111000010110101110111111111110011101011110011111101111100101100111101110111111111011111011011111110101111110111011010101111000111001110111101111001001111100111011111111010110011001010010101001101110101110011111101111011111011010000100110111010011111011000011110011011100110
CHEMBL964,11111010101111111111001111111001111111101101111001111111111101010111110111111001111111111110100011111101101101111110101111110111111111111111111110011111010111101011111111111100111111110111111101100011011111111111111111111111111110111111010111101111111111111010101110111011111011111000011111110011111110011100111101001111111101111111110011010110011000100111111111110101110011111110111011100110110110111000101010111111011000011001111111011110
CHEMBL134,01111011001111111011000011111111110111110101111101111111111111101111111011111011101111111111110011111101101111111110101111110110111000111111110111111111111111111111111111000101111100110101110101011011111011111111011111111110101110111111110110111111011111111111101101111111010111111110111111111111111111111101111101101001011111011110111011010111111000101101111101110101110011111111111111001111110000100100101010111111011001011011111111011110
CHEMBL165181,11111110101110110111000110111101111111110111111110011110110111010100001000100111011010011110000110011100101011001011101101010100011110101110100111110110100111111001111111110111110001010111111111110001111001111111111111011100101110010010110100111111010111011001110110111010100101011010000111100011001111110001111101001111111100111111111011011111011010101001011100110101110001011110111000110011111000101110111000111000011100001000011011001110
CHEMBL1628227,10111001101111011111001111111111111111110011111001010101111001011111111001110001111000111111110011111100001111111011101111100111111111111101110111011111111111111011111111111101111111110011110011110011101011111111111101110111110110101111111111001011001111111111101110111111111001011011011011011111111110001100111101111001111101111111101001010111111110001111000111110101100011110110111110011111110010101110111110111111011100011100011111010110
CHEMBL346389,11111010101111011111100011111111011101111101111111111111111111111111101110110010111111111110100111011000100011001110100111111110111011111101111001011111110111111111011111111111111000110111111101100000101001000110111101110100111110101011111111001111011111111011111100111111010011011111100111010011111110101000111001101101011101011101111011000111001111111111111101110001111111111110111011110110010110100000101010111111011100011011111011001111
CHEMBL508112,11111001001111111110101111111101111111111101111101011110110101010101111011111011111111111110100011111101101110110011101110110100011101101111111111101111011111111011111111000101111101110011111101110001111111111111111111111101011110111111110111111111011111111010101101111111111111111000011111010111111110001001111001101001011111111111111011010101001000101111111111110101110011111111111111011110110110101111111010011111111100011011111011011110
CHEMBL42,01110011101111011110101111111111111111110100111101011111110011010111101110110011111100111110100011111011101110000111100111111100101111111101110111011111110111111101111111011111111111110001110111100000100001111011101111101101101110101110111111100111011111111011101111111111110011111110110111101011111110111101111001110101111111011111011001110101011011011111100101110001111111110110111011111111100110100110111010111111111100010100011011010110
CHEMBL81,10111001100001010111100111111101011110100011111101001111011111111000010111110111001100011110000111010100101000011001100011000100001110001110100101101110011111111011111111101111110001010001111111100001111011111101111101011101111101101001110111011110111101111011111111101001111011111010101111110111011110101100011101111100111100100001111110010111001011101011001101110101111011111110010010100010010001000111111000011000011000001100111100010010
CHEMBL180962,11111011001111011111001111111111011110100111111101011111011111010011110010110000101010011101000011010100101111010110100110110100101100001110010101111101110111111011011111111001110100010001111111110101100001111011111101111101111111111111110111101111111111011111111110101110110111011011000110111111011110111101111001111001101111111111111011010111011100101111101101111101110111011111111010001010010000100011111010110111011100111000111111001000
CHEMBL351483,10111010101111010111000010110101011111111111111111011111110111010110001011110111111010010110100111011110101011011011100111010100011110110110100110111110000111111001111111110011110101110011110111110011000001110101111101011101101110111001111100011110011111011011111101101111100111011010000111111111011111110101111001001111101101111111011011010110001110101101001100110101110101011110111010111011110000101110101010111101011000101100001011001110
CHEMBL219916,11011111101101001001100101111111101101100111011111001111110111110011110000110000111001110110000111011110000001001011100111110011011010100101110111011111100011111101110110111110111000110111100011100000010101110011111101111000111111001101111111111111010101111011111000101001110010100011000111010011111100101100111000111110001100011011111011010111011111110111101101110101110010110110111011111010110010100010101010101100111000111100101110001100
CHEMBL844,10111011100111111101100111111111110111110101111101011111110111100110010101010000101111111111110011111101101011010110101111110110111010111100110110011101011111111011111111011111110100110110110111110011101011111011011111111111101110101111110111111111111111111101101101111111011111111000001111110111010111110101011001111111011011010111111011010011101000101011110101110001111011111110111110011110110010100110111110111111111100011000111111001110
CHEMBL445,11011001101111111111001111111111111111111111111101010111111111011111111111111001111110011111100011111100101111011011101111100101011111111111011110110111110111111011111111111001111111110111110111110011100111111111101111111111010110111111110111111111111111111110101111111011101111111010011111111111011110001100111101111011111101111110111011011110111110001111111111111101110011110110111111011111110000101010111100110111011100011101011111011110
CHEMBL1491,11111111101111011111010111111111111001111111111101111111110111110011011100111011111111011111110011111100101111100011101101110110111111011101111100100111110111101111111111010101111110110111011111101001101010111011111101011000101110001111111110111011001111111111111100101010110111111111000111010011001111111100011100101101111101111111111010010110011010010111000101110100111011111111110011011111110010100110111010010110011100001000101111010110
CHEMBL629,11011001101111111111001111111111111111111111111001010111111111011111101011111001111110111110110011111100100111111011101111100100011111111111110110110111111111111011111111111101111111110111110101110011000111111111111101111111110110111111110111101011011111111010101111111011111111011010011111011111011110001100111101111011111101111110111011011110111100001111111111111101110011110110111111011110110000101010111110111111011100011101011111011110
CHEMBL990,11111011101111110011101110111101011111100111111001010111011111010101011110110001101111011110000010011100101011011111001110110101111111111110111111001111010111111011111111111111110110110111110101100011100011011111111111011011111110111111110111111111000111011011101111111010111110011001000111010111011110010100111011111011111101111111111011110111011100101111001100111101100001111111111111011010110110101010111010011111011100011101101011011110
CHEMBL470432,10011110101111111011101111111101011101111111111101111101111111100101010010011111111111011110100010111100001111011110101110011110011011001111111111001110110111111011101111100110011101100111110111110001101001111111101111110000110100111111110110010110010111111001101111111110101011111010000111010001001111101001111101011110111111111111111011001101001010101011111101110101111011010111111011110010111000101010101110010000011100001100001111001100
CHEMBL621,11111001101111010111101110111101111110111111101111111111010111111011010100110011111011110111000111111001001011011111101111001100101111111111111111011111110111111111010111011111010010110111110011100000101101010011001111110100101100111011110110111111011101111011111111101001110001011110000111111011101110101101111001101101111101111101111010010111001011111111110101110101111111111010111011101010110010100110111010111101011010000000111111001110
CHEMBL1479,10011101000111010100111010001011011011100110011101111111111011001000000000111011111011110010000011100110101110000010101110011111101101000100111111001111110111111001111111001100110100110101110111100000101101001111001101101100101110010011011010111101001111111011100110101001110011110000111111010011101100011001111001001100001111010111111010010111001000101111000100110101111011011101111011011110010010100110101010111111110110010110001010000010
CHEMBL180003,11110000101111000100100111111101011111110111111101010111011111010000010010100000100010111000110111110000001101011010100110110101011100001100010110111111110111110011011111000011110100110001011111110001101010111111111101111100111110111011110101001111011111011111101100101110100111011011000110110111011010011101111001101100001011011111111010010110000110100001001100111101111101011110111000010010111100100110101010111101011100011000111011001000
CHEMBL306751,11111111001111111111101111111101011011111111111101110111011111010111011111110011111011111110110011111100101110011111101110111100111110111101111111010111111111110001011011110101110101110111111111111001101111011111111111111111111110111111111111111111001111111011101111111111111111111000000111101111111110010001111001111011111111111111111011000101011100101111101111110101110011111111111111000010110010100010111110011111011100011100111111011110
CHEMBL787,10111010100111000111110111100101011000000100101001010011010111011001010000010100101001110110000011000000011110010100101100111100011110111000110101001111100111110011010010110011010000100101100111111001101010010011101100111001111100000000111010000111001111011001100100101000110100010010100110011011001110011001101001001001001111011111111110010110011011111111001101110100110010001111110101010110010000100000111000010001010100000100011111100100
CHEMBL516,01011011101111100111001111111111101111110111111101111011111111110111011011111001111111111110100011111101101111111111101111101111111111111111111111011111011111111011111111001111110111110110111111110011101111111011111101110111111110111111110110111111011111111011101111111111111111111010011111110111111110111100111001011101111101011111111011010111001010001111110111110101110011111110111010111111110010101110101100111111011100011111011111011110
CHEMBL164612,11011110001110010101010110101101111011111111111111111110011111010010001000110111001010011110000110010110101011011011101111110100001111111110100111111110100111110001110111110011110101010111110111110001101001110111111111011101101110010001111110111111010101011011101101111111101111011010100111100111001111100001111001001110111101011111111010011111111000001001011100110101110001011110111010101001111000101110101010111101011100011100101011001110
CHEMBL583014,11111001001111000011100111111111111111100111111101011110111111011011101010110011111010011011000011010110101010010110100010111110111111000110011110101110100111111011101111011001111100110001111111110101110001111011111111111100110110111011010111101111111111011111111101101110110111011010000110111011111110110101111001101100011101111111111011010111011110101011101101110101100011011111111011011011010000101100101010110111011100111100111111000010
CHEMBL195437,11111001001010100111001011111111111111111111111111111111111111110011110111100001101111010110100011111101001111101111101111111111111111111110111101110111111111110011111111111101111111110111111001110011011111111111111111111111111110111111110111101110111101011010101111111011111111111011011111101011111111011100111101001111111111011111111011011111011000001111111101110101110011110111111111001111110000101111101010011111011010001110111100011110
CHEMBL104,01101001001100000101000111110111111111110111111101001111111111010111111110110010111111110110100011011100101111011010101111111101111001111110111110010111010111111011100110010111111101110111111111101001100111101111101111011111101110101110110111111110011111111101000101111011111111011010010111110011101111111101111101001001100111111111111010010111001010011111110100110101110011011111111011101111110010101110101010011110011000011101011111001100
CHEMBL1909065,00010000101110001101100110110001001011100001000001000110000100000010010000110000100000010000000111010100001010001000000110000011001110000100010100001111010111101101000000000010010000100000011011100000000000100011001001001100101101000000111010011111110100011001110100000000100000010000100110010001001100000001001001001100001100110010011000000111001110100011100100110000111011011110111010110010010000110010101100010000011100000000011000001000
CHEMBL295698,00011001100110001101100110100101001111111111011000011111111101000011110010110100111001011111000111011000000010011010101101010100111110111111110000000111110110111111010011101111110000100111011111100100100000111011111101101100101110011011111100111100000111011001100001101100110101011000000011100011000110111001111001101000001110110010101010010111001111110111000101110100111111010110111010111011010000100100111110111101111100001100001011000110
CHEMBL194173,11110000101111011101101011111111111110100011101101010111011111110000010000110000110100111101100111111010001010011010100010010101111111001100011100011111111111110111011111100011110000110101111111110001101011110001011101011110111110111111110101111111001111011111111110111010110011011110000111110001011100111001111001111100001111111111111010010110011111110011001100111001101110011110011010100010111100100110101010111111011100111001111010000000
CHEMBL564,11001001101111111111000111111101101101100111011101110011111111010111111101110001111111111110100011111101101111111111101111111000111111101111110111010111011111111011111111111110110111110111111101110010011101111111111111111110101110101110110110111011011111111011101111111111111111010000001111110111111110001100111001111000111101111111111010011111110100101111010101110101110011101110111011110111110000101110101110011011011100011011011111011110
CHEMBL91,11101001101110001111101110011111011011110111111101111111111101010011111100111001111010111110010011111100100111111111101101111110111111111000010110000111111101111101111111100111111101110011111111010011100010011011101111000110101110011111110110110110011110011011101111111110100111111110001111100011010111111001111001101011111110011011111010010111011010010111011101110101110011111011111010101111010100100110111010011110011000011100111011001100
CHEMBL578170,11111011001111110111000111111111111111111111111001011111111011011011100110110011101010011111000011110100101111010111100110110100001101101110011101111110101111110011111111000011111101110011110101110111110101111101011101111101111110111011110111101110101111010111111101101110010111011010101111111111111110111101111100001101101111111111111011010111001110101111001111110101110011011111111011011110110000101000111010110111111100111101111101001110
CHEMBL1306,01011010100111000111001111100101001011001111011010011111100111100010110000110100111011011110100011011000000011011001001101010100011110010111110000000111110111111101010011101011010000100110011111100010100000011011111101111000101111011011111111110100001111111001100001111100110101011000000011100001011110101001111001111000001111010011101010000111001110110111000101110000101111100110111010110010010000100000111110011101111100000100001011000110
CHEMBL900,11111001101111011111101111111111111111111011111101110111110111010011111111110001101011011110110011111100101011011111101111110100101111011101110110011111011111110011111111111111111011110111110101001001101111111111111101111100111110110111110101111010011100111010101101111011111111111000011111111111011110001100111001101011111101111101111011010101000100101111110101110111111011101110110111001110110010100110111000010011011100011100111111010100
CHEMBL64894,01111001101111011111000111111101111101111101111101111111011111011111010100111001111111110110110011111101101111010110101110111110111101111110011111010111011110111001111111001011111101110111010101110011101100111111111111111101001110111101110111111110111111011010101111111011111100111010000111010111111111011100111101101001111111011111111011010111111000001111011111110101110011111111111010001111110010100110111010011111111100011011111111011110
CHEMBL1403281,00111000100111000011101110110001011011100001001101110101101111010010010000110001101000011100000111010010001010001010000110101010111100101100111101011110010111111101111111000011110000110111101011110001101000000111111100001000101100000100111100010100111101001111010100011000100100011010100111001110100110101100101001011010001101011001111010010111001010101111100100110101100011011110110000110110110010110110111000011110010100001100001111000100
CHEMBL531,00111111101111010111100110110011001110110111101001011111100111110011001011101010101010011110000011111010101110001010100101110010011101111100111101000111110111100101111111101111110110110111010111110010101001111111101101101110101110011111111111011110011111011011101101111110111010111010011111000101000100001100111001101101101101011111111011010111011110101111111100110101110011111100111010111110110000101110111010110110011100011101000011010110
CHEMBL6966,01111111101111010111111110111101111111111100111101111111011111010011110000111001101010111110100011011100101111110101101111111111011111011111110101011111110111111101111111111000111000110001010101100001110011111111111111111101101110001011110111010111011111111011101100111110111000001010010110010011011110011000111101011101011101110111111010110101011010101111000111110101110011111111111111010010010110100010111100011001011100011000011111010110
CHEMBL611,00111011101011111111111111111011111111101111101111111111110011111011110001111011101000111110100111010100101010011110101010100101101111001110110101111111101111111001011111000110111100110011101111100010101011110111111001111101111110100101111110111110001111110011111110101001111010111010011111010101111111110101111000111100011101111111111010010111001110001111101101110100110111101110011110110010010000100110101000011111011100111101111101000110
CHEMBL954,10111011001110111111001111100101111111110100111111111101011111110011110110111111111111111110010011110101100111011100100111010101011100111011111111000101110111111011110111101100111000110111111101010011101001111111111111011100101110101011110110111111110111110011101111111111111111111010010111110011011111011100011001111010111111101111111001011111111100101111101100110101111011101110111010000111110000100100111100011101111100011000011111011100
CHEMBL1113,00110011101111011110101111110111001110111001101101110111110111010111011100110000100010101110100011111110101011010111000111110100111100111101110011010111111111111101111111011110110000110101011111110111100001111011111101111101101100001111111111111111011111011000101101111111110111111111001111101111111110011101111001111001111111111111111011010011011101110101110101110001111111111010110110100111110010100110101010111101111110011101011011010100
CHEMBL305660,11111011100111110111100110111111111011010110111111010111111111111111110010100111001001011110000011010100101111011111001111110101111111111101111110111011010111111011111011111111111100110111110011110111110001111101011101111101101100111111111111101111001111111011111110101010110110011010010111110011111111111101111001111111111110111111111110010110000010101101010101110101100111011111110010111110110000100010111110010011011000111100111111011100
CHEMBL195810,11110000001111011101100101110101011111101011110101100111110011110010100010100001100011111110110110110000000111011010100110110100011010011101110100011111111111110001111111100011110100000011111011110001101101011111101101111100111110111111100110011110011110011111101100101110110101011000000111101101011010110001011001111100111111011111111010010100011011101011001100110001111111011110110110010010111000100010101010011111011100111100011011000110
CHEMBL165350,10111010101111010101100010110101011111110111111111011111010111000110000011110011001010011110100110010100101011011001000111010100011100110100100110111110100111111001111011110011111100110011110111110011111001110101111101011101101110010101111101011111011111011010111111111110100011011000100111111111011111100101111001001110001101011111011010010111001110101001001100110101110101011110111000111011110000101110101000111101011100101100001011001110
CHEMBL162058,11011010101111010111000010111101011111111101111101111111110111010110000000110011101010011111100111110100001011011000100111010100011110010110100111011110100111111001011111110011110101110011110111110011111000110101111101011101101110010001111100011111011111011011111101101011110011011010000111110011001111111101111001001111011101111111111011010111001111111101001100110101110101011100111010111010010000101110101000111101010100101100011011011110
CHEMBL181383,11110011001111110111001101110111011111100101111101011111010111010010010010110000101010011101000011010100001111010110100010010100101101101111010101111101111111111111011111111001110101110001111111110001100000111011111101101101111100111111110011100110111111011111111110101110110111010010000110111111011110101101011001011001001101111111111011010111011110001011101100111101100111011111111010001011010000100101111000110111011100111000111111001000
CHEMBL133455,11111111101111111111101111111001111111100111111101111011111111010111111111111011101110011110100011111100101111011110101111110111111101101100111101010111111111111101110111101011110101100011000101111011101001111111111101111100101100111101111111111110111111011010101110111100011110010010101111010011001111011100111101111111111111011011111010011111011100101111111101110001110011111110111111010111110000110110111100011101011000010100111011110110
CHEMBL513389,01111001101111011111111111110101111111111011011101011111111111110111110000111011101111111111110011110101001111001100101011111110011101001110111111111111111110111101111111101111111101110011110111111001110110011111111101110110111111101101110111111110111111111111101101111110110011011010010111100111011110101100111101111001111101111111111010010110011110001111110111110101111011111110111010001111110000101100111110011011011010011100111111010100
CHEMBL141209,10011100101111110111001011111111011111110111111101111111111111110011110110110110101111111110000011111100101111111110000111111001111110101110111001011111111111111111011111111111111100110110110101110011011101111111111111011101111110111010111110101110111111111011100110110111110010111011010111111011001111101100111001111101111111111011111011011111101110101101110101110101110011111100111010110011100010100010111010111111011110011111110111011100
CHEMBL55,11111111101111111111001111111011111111111101111111111111111111111011111111111101111110111110100011110100101111111111100111110111111110111111110111001111011111111001011111111101111100110111111111011011111011111111111111110101111100111111110111111111111111111011101100111111111111011010001111101111111111011100111101101011101111111111111011011111111000001111101111110111111011111111110011011111110110101110111110010101011000011100111110001110
CHEMBL567791,11111001001111111111001111111111011111111111111101011110111111010111111110110011101010011011000011010100101111010111100110111100111101110111011111111110111111111011111111111101111101110011111111110101100101111100111111111100111110111011110101101111111111011111111101101110100111011010000110111011111110111101111001111011111101111111111011010111001110101111101101110101110011011111110001011011010000101000111010111011111100111100111111010110
CHEMBL162490,10011011101111110101000010111101111111111111111111101111111111010110010010110010101010011010100111110110001011011010100101111100011010111010100110111111101111111001110111110011110101110011111111110001101000110111111111011111101110110111111101011110011111011011111111101111000001011010000111110111001111101101111001001111011111111111111010010111001110101101001100110101110101011110111010111011111000101110101010111111011100110100001011011110
CHEMBL1289,11011011100111111111101111111111111101111001111101111111111111110111111110101001101110111110110011111000101110111110001111110110111111111111110101011111111111111111111111110111111111010111011111010011101111110111111111010110111100111111010111111111011111111010101101111101111110111100111111110011011110010100111101101011111101011111011011010101111001111111111111110101110011111110111111011110010100101110101110111011011100011001011111001111
CHEMBL1909072,10011111101101011111100110111101101101110011001101101111111111001011110100110111111101111110100111110100101010011011101111111010101110101110111111011110110111111011111111111110110010110111111011110101111001111011111111011110101110101001111111101111011111111011101100101001110111010000000111010011111110101110011101111100111100111111111101011101011011111111010101110101111011111110110010101110010000101110111110111110011100011100110110000110
CHEMBL181632,11110001001111010101001111110111011111100111111101011111011111111010000010110000101010011100000011010100101011010010100110110101111101101110011101111101111111111001011011001001110101110001110101010101000001111001111101011100101110111111110101111111111111011111111110101110010111010010010110110111011110111101011001011101101111101111111011010111011110101001101111111101100101011111111010001010010000101000101010110111010100111000111011000000
CHEMBL395110,10011011101111111111000111111101111101111111001101110111111111110011101101110011111101111110100011111101101010011011100111111010111111101101111111011111111111111111100111111010110110110011111111110000011001111111111111110110111110101111110111111111011111111011101110111111111111111100001110011111101111011100111001101000111101011111111011011111000100101111010101110101111011111111111111101111111000110110101110111011111110111100111111001110
CHEMBL17645,11111011101111011101101001110101011111111111111101110101010011111011010110111011111101111110100110111101101110001110100110010101111101101110110110001111110111111001110011110101110011100111100011010011101011110111101111111101111110111111110100111111111111010111110110111011000111011100000111010111011110110001011001110101111111111001111010010110011111001011001100110001101111011110010111010010110000100111101000111001011100111100110111000000
CHEMBL181393,11110000001111010101000111110101011111010100001101011111010111110011100010100000101010110100110011110100001111011010100110110100111010001101010110111101110111110011011011110001110111100101111111110001001001111111101001111000111111111111110000001101011111011110111110101110100111011000100110110111011010111001111001101100101111111111111010010111011110101001101100111101110111001110011010011010111010100110101010111001011100111000011011000000
CHEMBL192266,11111001101111000100100001110101011111111111011101000101010011110010110000100011110101111110100111111000001110001010101110110101011110001100110110011111111111010011111011100111110000110011101011010001101011010101101101111110111110111111110100111110011111010101111100111010100111011110010111110111011111111001111001111100111111011101111010010110011111111011001110110001101101111010011110000010111000100011101010111101011100101100110111000000
CHEMBL461571,01111001001111010111101111111101011011010111101100111111111111110011111110110110101011011110010011011100101111011100100011110100111010001111010000101111000110110111011110100010010100100101111101010011101111111110111111111100101110111010110111101111110111010011111001111100110010011011100111011111011111111100101001011100111101111111111110010110011111111011110101110001110011011110010010110010011010101100111110010000011000001101011111011101
CHEMBL3403995,01111010001111010101100010101101011011111111111101011111011111110111100001110101101011010110000111111000101111011011100101010100101110110101110101001111100111111101010011101001010000110010110111100011101010111111111111011000101100001011111111001110010110011111111100101101111110010010101110011001101110101100111001101100111110111110111010010111011110111111000100111001111011001111111010010011010000100010111110011111011100000000011101010100
CHEMBL972,11111011101111110111101111110111011111111111111001111111111111011111111110111001111111111110110011111100100110011111101111110101111111111110111101011111011111111111101111111101111011110111011101111011001011110111111111111101111110101111110111111111011111111011101101110101111111111010000111111111011111011100111101101111111111111110111011010111101000001111110101111101110011111111111111011011010010101110101100011101011100010001111111011100
CHEMBL568400,11111001001111010111000111111101011111111011111101011110111111110011111010110011111010011011000011110100101011010011100110111100011100110101011111111110110111111011111111010111111101110011111111110100111101111101111111111100111110111011110111101111111111011101111101101110110111101010010110110011111110101101111001101001111001111111111011010111111110101111001101110101110011011110111011011111010000101100111010110011111000111000111111011110
CHEMBL2,10011111001111111011100011111111111111111111101101111111110111100011111110111011101000111110100111011100101010011110101110111111001111001111101101111111101111111011011011000110111111110011010111110010001011110111111001011101111100111101111110110111001101110011111100101001100111111010011111010011011111101001111001111101011111111111111111010111011011111111101101110100110111101111011011110010010111100010111100011111011110001100111111010110
CHEMBL165776,10111111101110110111000010110101011111110111111111111100111111010111111010110111111010110110000111010100101011011011100111010101011010111110100110111110100111111101111111110011110100010111110111110001111101110111111111011101111110011011111110011101010111011011111101101011100011011010001111111111001111100101111001111111111101111111111011110111011110101001001100110001110101011110111010111010110000101110101110111101011100111100001011001110
CHEMBL362400,11111001101111010111000111111101011111111011111011011111011111110000010010110000101010011101000011110100101111010110100110110100011100111111011101111111110111111011011111110011110101110001111111110100000001111001111101011100111110111111110101101111111111011111111110101110110111011010010110110111011110101101101001111001101011111111111011010111011100101111001100111101110011001110111010001011010000100101111010110111011100111000111011001000
CHEMBL367355,11110000101111010101001011110101111110111100001101010111010111100011100010100000111100110100110011110100001111001110100110110100111110001100011110111111110111110001011011110001110011110101111111010001001001011101001001011110111110111111110011011111001111011111111110111010100111011000111111110011011110111001111001101100101111111111111010010110011110110011101100111101100111101110011010000010111000100110101010110011011100111000011011000000
CHEMBL1108,11011011001111110111100111111101101111101101111101111111011111101111010010110011101101110111100011110110101111011110100111110101111100111101111101111111101111110001111111101110011100110111110111110101111101110011011101011000111110111111110100100111010111011111111101101011110110111011111111011011011110111100111101111111111101001111111111010111011010001101100101110101110011111110110010111010110000100110101010111001111100001100101111011110
CHEMBL193438,11110000101111011100100001110101011110110101111101000111010111110000100000100000110000111100110111111100001110001010100110110101011110001100010110011111111111110011011111100011110000110101111111010001101011011001101101011110111110111111110111111110001110011101111100101010110111011110000111110011011010111001111001111100101110011111111010010110011111110001001110111001101101111010011010000010111000100010101010110111011100111000111011001000
CHEMBL1083787,10111111101111011111100011111101111110011111111101111111011111110111111110111011111111110111100011011101101110011110101011010110101100011111111101111110101111111101010111111010011000110111111111100101110011111111111101011100101110011011110110001111110111110111111110001101110011111010101111110001101110111101111101101111011111101101111010011111001010001111101100110100100011011110110010111110110010100110111010011011011100000000111100001010
CHEMBL762,11111011101011101111101111111111111110100110111101110111011101011111111100111010101011111110000011111100001111011111101111111100011010101110111110110111100111111011110110111111111101110111111101110011100011011111001111111101101100001011011110111110011111011011100100111110101111011010010111100111011111011101101101000011110111101011111011010110101011011111101111110101110011111111111111001111110010100110101010111111011101011000111101000110
CHEMBL138458,11011101101111111111001111111111011111111111111101110111111111010011110010110111101111110110000011111000101111111110000111111101111100101110111001010111111111111111111111110011111000110110110111100011011101111111111111011111111110111000111110101110010111011111100110110111110010111011010111111011101111101100111101011101111111111011111011011111011110101111110101110001110011111100111010111010100010100110111010111111011110011111110110011100
CHEMBL60889,10011010100011010111101111110101011111110011111101011101110111101111111110000100101000111111000111111100101011011010100111011010001110101110111101011111010111110111010011111111111110110111111101100001101000100111111111011110111110111001111110101100010111111111111110111111111011111010100111010101011110101100001001101110101100111101111011011100111111111111001101110101100111001110111011110110010010100010101010011011110000000100011011011110
CHEMBL1670,01111011101111011111001111111111011101111111111111111111111111010111111110111011111011111110110011111100101110110111101100011111111111001110110110010111011111111101111111011001110001110111111101101001101111011110111111111110111110111011110110111011011111111010101101111111011111111110011111011111011110011100111101111010111101111111111010010101101000110111111111110101110011111111111111001010110000101110101010011011111100011101101111010110
CHEMBL162370,10011100101110010111000010110101011111110111111111011111110111000010000001110111001010010010100111010100101011011010100111010000011110110100100100111110100011111001111111100011110100110011110111110011111001110101111101011101101110010101111111011111011111010011111101111110000011011010000111111111011111100101111000101111001101011111111011010111001110101101001100110101110111011110111010111011110000101110101010111101011100100100001011001110
CHEMBL315772,01111101001111111111100111111101111111101110111011010111110111110011111110110010111100110110010011111100101111001111100100111100111111111100111111011111110111111111111111111010111111110111110101010011101001111011101111011001111110101101111110111110011111011011101110111111110010111010010110000011001110101100011101101100111101111111111011011101001101110111111100110101111011111110111011101111110000111110111110110011011100010001011111010100
CHEMBL511,11111001001111111111101111111111111111110101111101110111111111010111011111110101111110010110100011111101100111111110100110010111111101001111110111000111011111111011111111110001011100110111110101010010011111111011111011111111111110011011110111110011111111011011000100111101011111011010001111111111011010001101101001111111111111111111111011011100011000001011111110110111110011101110111111011011010011100110101010011111011000011011001111011110
CHEMBL1385840,00101000101110000001000110110011011011100001101101011101101111010000010000110011101000011100000111010010001010000010000100001010111100111100110101001110010111111101111111000011110000100111001011110001101000100111001101000000101100000100111100010110010100001111010100011000000100011010100111001111110110101100101001011010001101011001011010010110001010100111001100110001100011011110110000110110110010110110111000010111010100001000001011000100
CHEMBL181099,11111001001111110111000111110111011111010111111011011111010111111001010010110000101000011101000111110100001111010110100100110101111011111111010101111101111111111011011111111001110101110001111111010101100001111011111101010101111110111111111101001111111111011110111110101110110111011001010110101011001110101001011001011001101111111111111010010011010110100101001100111101111111011111111010001011010000100001111000110111011101111000111011001000
CHEMBL360876,11110001101111011001100011111101011110110101111101010111011111110011110010110000100000010111100011110100001011011010100110010110111110001100010111001111111111100111011111110011110110110101011101110001001001111011101101111100111110111101100101011111001111011011101110111110111011010110000110110111011010111001111001100100101111111111111010011101011110101101101100111101110101011110111010110010011110100010101010111111110100111000111011001000
CHEMBL84158,11111000001111011111101111111111011111110101111101111111011111011111110010101001101111111111110011110101101011011110101011110101001111001111110101100110101111111001011011101000110111110011011101110111101110111111111111111101101100101111110110101111011111110110111110001011111111111011011111010111111111111100111101111010111101111110111111010110011111110011001111110101110011111110111010000111110100100000111010111111011100011000111111010110
CHEMBL163190,10111110101111010101100010011101111111110100111111111111111111010110111000110110001011011010100111011100101011011001100110110000011110101100100110111110100111111101111111110011110100110011110111110001101001110111111111011101101110010101111100011111011110111011111101111111100111011010000111001001011111111101111001001111011101011111011011010111001110101001001100110001110101011110111010111011110000111110101010111101010000111100001011011110
CHEMBL157138,11111111101011010001000111111001011001111000101111011111011111111011100000110000111010111111000011010000001111001110100111111111111101111100110101111111110111111101011111101111110000110111110011110001111000101111011101101100101110000111110111101011011111011111011100111000110100111010000111010011101110101100111001011011011101001111111111011111001110001101101100110101110011111110110011111111110010100110111010111110011110001100001111011110
CHEMBL50588,00011011101111011101100110110111111111101101111101011011010111010110010010010011101011011110100011111101101001001110101111100011001111001100110111011101110111111101111111110010110100110011110001110011001001111011101111011011111110011011010111111111010111001001101111101001111010111011010111010111000111110100011101111011001101011111101010010011001011111111001100110100111011111110111011100010010010100110111010111101011100001100011111001110
CHEMBL7002,11011010101111100111111111101111111110101111101011111111011111111011110110111110101111011111110011111100101111111111101111100111101111101111101111111111111111111111111110111101110011110111110111001011101001110111111111111110111110111110110110101111011111111011111110111110111101111011110111001011001110011100111101111011111101011111111011011111111010001111100110110101111011111110111111010111110110100000111010111011011000001110101111110110
CHEMBL311469,01111011101111101101100111111001111111111001111101111111111111111111111111110011101101011110110011111100101111110110101111011110101111111111111111111111110111111001110111110111110111110111111111000111111111111111111101011101101100111111110101101110010111111110111111111011111111011001011111111111011110111000111101111001111101101111111111010101011011011101110101110101110011111110111011011111110110101100101110110111111100001100011110010110
CHEMBL165677,01111111001110010001100010111101010111110011111111111110110111000010001010110111111010010010000111011100101011011011101111010100011011111110100110001110000111111001111111110011110100010111110111110001101001110011111111011101101110010001111100111111010111011000111101101111100011011010000111100111001111100101111001001111111101011111111010110111111101111001011100111001110111011110111010101011011000101110101010111001111100011100011011000110
CHEMBL588119,11111011101111011111001011110111111111011110111101111111111111010011010111111010101111111111100011110101101111100111101111010111001001111100111110000111010111111011110111111100111110110011011011110011110011001011011111111100111110001111100111011111111111011111101111110000111111110010010011000011101110001100111101101011111101011111111010011111101110001111101101110101110011111111111111011110110011000110101110011011011000011110111111001110
CHEMBL360159,11111011101111011111000111110111011111100101111101011111011111110010010110100010111001110100000011010101001110010110100110110100101101001100011101111111111111111011011111100001110111110001111101111001110001111011111101011101111111101111110011001111011111011110111110101110110111011010100110111111011010111001111001111001101111111111111011010111011110000111101100111101100111011111111010001010110110100110111010111111111100111000111011000000
